title,genres,director,country,year,imdb_rating
«Спартак». Действующие лица и… болельщики,"документальный, спорт",Илья Гутман,СССР,1985,
?,драма,Ханун Брамантйо,Индонезия,2011,6.9
«Чудотворец» из Бирюлёва,игровое кино,Борис Эпштейн,СССР,1958,
…а пятый всадник — Страх,"драма, военный, арт-хаус",Збынек Брыных,Чехословакия,1965,7.2
…и передайте привет ласточкам,"драма, военный",Яромил Йиреш,Чехословакия,1972,6.8
…И прекрасный миг победы,спортивный фильм,Вячеслав Винник,СССР,1984,3.8
…которого любили все,"документально, -, биографический фильм",Леонид Осыка,СССР,1982,7.2
"«Москвич», любовь моя",драма,Арам Шахбазян,"Армения, Франция, Россия",2015,7.9
«SOS» над тайгой,"драма, приключения",Аркадий Кольцатый,СССР,1976,5.3
бывшие,"драма, и, мелодрама",Стефан Бризе,Франция,2023,6.4
идеальные роботы,"романтическая комедия, научно-фантастический фильм, и, экранизация литературного произведения",Энтони Хайнс,США,2023,5.5
1,документальный,Пол Краудер,США,2013,7.9
0-41*,"документальный, драма, комедия",Сенна Хегде,Индия,2016,8.9
1 миля до тебя,"драма, мелодрама",Лейф Тильден,США,2017,6.3
01-99,комедия,Амасий Мартиросян,СССР,1959,7.7
1 %,криминальный,Стив МакКаллум,Австралия,2017,5.3
1+1,"комедийная драма, бадди-муви",Оливье Накаш,Франция,2011,8.5
2 дурня в снегу,комедия,Жан-Луи Гийерму,Франция,1977,3.2
2 дня в Париже,"комедия, драма, мелодрама",Жюли Дельпи,"Франция, Германия",2007,6.7
2 Girls 1 Cup,"порнофильм, и, ЛГБТ-фильм",Марко Фиорито,Бразилия,2007,4.1
2 секунды,комедия,Манон Брайан,Канада,1998,6.6
2-Асса-2,драма,Сергей Соловьёв,Россия,2008,4.6
3 гигантских человека,супергеройский фильм,Tevfik Fikret,,1973,4
3 идиота,"комедия, /, драма",Раджкумар Хирани,Индия,2009,8.4
3 идиота,"комедия, и, семейный фильм",Карлос Боладо,Мексика,2017,4.4
3 ночи в пустыне,драма,Гэбриэль Коуэн,США,2014,4.6
4,драма,Илья Хржановский,"Россия, Нидерланды",2004,6.5
4 американских композитора,"документальный, музыкальный",Питер Гринуэй,Великобритания,1983,7.3
4 дня в мае,"военная, драма, боевик",Ахим фон,"Германия, Украина, Россия",2011,6.4
4 листа фанеры,детектив,Иван Гаврилюк,Украина,1992,5.4
"4 месяца, 3 недели и 2 дня","психологическая, драма",Кристиан Мунджиу,Румыния,2007,7.9
4 x 4,"драма, комедия","Рольф Клеменс,","Финляндия, Норвегия, Швеция, Дания",1965,6.7
5 причин не влюбиться в казаха,комедия,Аскар Узабаев,Казахстан,2017,
4 маленькие девочки,Исторический документальный,Спайк Ли,США,1997,7.8
5 дней в августе,"военный, боевик",Ренни Харлин,"США, Грузия",2011,5.6
5 недель,трагикомедия,Александр Андреев,Россия,2021,4.7
5 неизвестных,триллер,Симон Бранд,США,2006,6.4
5 разбитых камер,документальный фильм,"Эмад Бурнат,","Израиль, ПНА, Франция, Нидерланды",2011,7.9
5 сантиметров в секунду,,Ёсиюки Окуяма,Япония,2025,7
5 терапия,"драма, триллер, биография",Алиса Павловская,Украина,2017,7.3
5-я волна,"постапокалиптика, научная фантастика",Дж. Блэйксон,США,2016,5.2
5×2,"мелодрама, драма",Франсуа Озон,Франция,2004,6.6
6 дней,"боевик, триллер",Тоа Фрейзер,"Великобритания, Новая Зеландия",2017,6.2
7 главных желаний,"комедия, мелодрама",Вадим Соколовский,Россия,2013,1.5
7 дней в Сирии,документальный фильм,Роберт Риппбергер,США,2015,7.3
6-й день,"фантастика, триллер",Роджер Споттисвуд,США,2000,5.9
7 дней до смерти,"драма, фильм ужасов, триллер",Себастьян Ниман,"США, Германия, Чехия",2000,5.1
7 дней и ночей с Мэрилин,"драма, биография",Саймон Кёртис,Великобритания,2011,6.9
"7 дней, 7 ночей",семейный фильм,Айк Кбеян,Россия,2024,6.2
7 секунд,боевик,Саймон Феллоуз,"США, Румыния, Швейцария, Великобритания",2005,4.8
7 женщин,драма,Джон Форд,США,1966,6.7
07-й меняет курс,"боевик, /, драма",Владимир Потапов,Россия,2007,5.6
7 ящиков,"триллер, криминал",Хуан Карлос,Парагвай,2012,7.1
8 ½ $,криминальная комедия,Григорий Константинопольский,Россия,1999,6.3
8,"историческая, драма",Хулио Медем,Испания,2025,5.6
8 лучших свиданий,"комедия, /, мелодрама",Марюс Вайсберг,"Россия, Украина",2016,3.9
8 миллиметров,"триллер, криминал",Джоэл Шумахер,"США, Германия",1999,6.6
8 первых свиданий,"мелодрама, комедия",Дэвид Додсон,"Россия, Украина",2012,6
8 свиданий,Романтическая кинокомедия,"Перис Романо,",Испания,2008,6
8-битное Рождество,комедия,Майкл Даус,США,2021,6.7
9 апреля,"Военный, драма",Рони Эзра,Дания,2015,6.6
9 душ,фильм-драма,Тосиаки Тоёда,Япония,2003,7.2
8 женщин,"мюзикл, комедия, детектив",Франсуа Озон,"Франция, Италия",2002,7
8 подруг Оушена,"кинокомедия, криминальный фильм",Гэри Росс,США,2018,6.3
9 мая. Личное отношение,Телеальманах,Авдотья Смирнова,Россия,2008,6.4
9 мёртвых геев,"драма, комедия",Лаб Ки,Великобритания,2002,6.2
9 месяцев строгого режима,комедия,Альбер Дюпонтель,Франция,2013,6.4
9 песен,"драма, мелодрама, музыкальный фильм, эротика",Майкл Уинтерботтом,Великобритания,2004,4.8
9 рота,"военно, -, исторический, боевик, драма",Фёдор Бондарчук,"Россия, Украина",2005,7
9 секунд,"биография, драма",Олег Штром,Россия,2024,4.6
9 смертей ниндзя,боевик,Эмметт Олстон,США,1985,3.9
9/11,"драма, фильм-катастрофа",Мартин Гиги,США,2017,4.5
10 000 лет до нашей эры,приключенческий боевик,Роланд Эммерих,"ЮАР, США",2008,5.1
10 лет спустя,"романтическая, комедийная драма",Джеми Линден,США,2011,6.1
10 миль в час,Документальное кино,Хантер Уикс,США,2007,6.5
10 на 10,психологический триллер,Сьюзи Юинг,"Великобритания, США",2018,5.2
10 причин моей ненависти,"подростковая, романтическая комедия",Джил Джангер,США,1999,7.4
10 шагов к успеху,комедийная драма,Брэд Силберлинг,США,2006,6.5
11 сентября,"драма, исторический, киноальманах",Самира Махмальбаф,"Иран, Франция, Египет, Босния и Герцеговина, Буркина-Фасо, Великобритания, Мексика, Израиль, Индия, США, Япония",2002,6.8
11-11-11,фильм ужасов о сверхъестественном,Даррен Линн,"США, Испания",2011,3.9
12,"психологический, триллер, юридический, детектив, драма",Никита Михалков,Россия,2007,7.5
12 месяцев,"романтическая, фэнтезийная комедия",Александр Баршак,Россия,2013,4.2
12 лет рабства,"историческая, драма",Стив Маккуин,"Великобритания, США",2013,8.1
12 дней страха,"ужасы, триллер, драма",Джек Шолдер,ЮАР,2004,5.5
12 месяцев. Новая сказка,"фильм-сказка, комедия, мелодрама, семейный фильм",Денис Елеонский,Россия,2015,5
12 могил Ходжи Насреддина,"комедия, сказка",Климентий Минц,СССР,1966,5.4
12 обезьян,"фантастика, триллер, драма, антиутопия",Терри Гиллиам,США,1995,8
12 разгневанных мужчин,"юридическая, драма",Сидни Люмет,США,1957,9
13 друзей хунты,документальный,,Россия,2014,
12 разгневанных мужчин,процессуальная драма,Уильям Фридкин,США,1997,7.8
12 стульев,телеспектакль,Александр Белинский,СССР,1966,6.9
12 стульев,комедия,Леонид Гайдай,СССР,1971,8.2
12 раундов,"боевик, триллер, криминал",Ренни Харлин,США,2009,5.6
13 грехов,"триллер, фильм ужасов",Даниэль Штамм,США,2014,6.3
12 стульев,"комедия, мюзикл, мелодрама",Марк Захаров,СССР,1976,8.2
13 изгнаний дьявола,фильм ужасов,Хакобо Мартинес,Испания,2022,4.4
13 призраков,фильм ужасов,Уильям Касл,США,1960,6.1
13 дней во Франции,"документальный фильм, спортивный фильм",Клод Лелуш,Франция,1968,6.6
13 стульев,Комедия,Эмерих Йозеф,Нацистская Германия,1938,6.9
13-й апостол,фантастический фильм,Сурен Бабаян,СССР,1988,5.7
13 убийц,боевик,Такаси Миикэ,Япония,2010,7.5
13-й знак,Ужасы,Джонти Эктон,Великобритания,2000,3
13-й район,боевик,Пьер Морель,Франция,2004,7.1
13-й участок,"криминальный фильм, драма, экранизация",Мартин Фрич,Чехословакия,1946,6.9
13-я жертва,ужасы,Мэл Хаус,США,2008,2.3
14 амазонок,"приключенческий фильм, драма, военный фильм",Чэн Ган,Гонконг,1972,6.6
14 клинков,"боевик, триллер",Дэниел Ли,"Гонконг, Китай",2010,6.3
14 июля,комедия,Рене Клер,Франция,1933,6.9
14+,мелодрама,Андрей Зайцев,Россия,2015,6.9
15 минут славы,"Криминальная драма, боевик",Джон Херцфелд,США,2001,6.1
15 августа,комедия,Патрик Алессандрен,Франция,2001,5.6
16 желаний,"подростковая, фэнтезийная комедия",Питер Делуиз,США,2010,5.5
16 кварталов,"криминальный фильм, драма, триллер",Ричард Доннер,США,2006,6.6
17 девушек,драма,Дельфин Кулин,Франция,2011,6
18 бронзовых бойцов,"боевик, драма",Джозеф Го,"Гонконг, Китайская Республика",1975,6.3
18 килогерц,драма,Фархат Шарипов,Казахстан,2020,6.7
18 мая,"боевик, драма, военный, история",Ким Джи,Республика Корея,2007,6.9
18-14,"исторический, детектив, приключение",Андрес Пуустусмаа,Россия,2007,6
18-летняя девственница,комедия,Тамара Олсон,США,2008,2.9
20 000 дней на Земле,"документальный, музыкальный",Айан Форсайт,Великобритания,2014,7.4
20 000 лет в Синг-Синге,"Криминальная мелодрама, Тюремная драма",Майкл Кёртис,США,1932,6.8
20 000 лье под водой,фантастика,Стюарт Патон,США,1916,6.1
20 декабря,исторический фильм,Григорий Никулин,СССР,1981,6.6
20 000 лье под водой,"приключенческий фильм, научная фантастика",Род Харди,США,1997,5.7
20 дней в Мариуполе,"документальный фильм, и, военный фильм",Мстислав Чернов,Украина,2023,8.6
20 000 лье под водой,"драма, стимпанк, приключенческий фильм",Ричард Флейшер,США,1954,7.2
20 миллионов миль до Земли,"научно-фантастический фильм, фильм о монстрах, фильм-катастрофа, приключения, фэнтези, фильм-триллер, фильм ужасов, и, научно-фантастический фильм ужасов",Натан Юран,"США, Италия, ФРГ",1957,6.3
20 сантиметров,"комедия, мюзикл",Рамон Саласар,"Испания, Франция",2005,6.6
20 сигарет,"драма, комедия",Александр Горновский,Россия,2007,5.3
20 тысяч разновидностей пчёл,"драма, и, ЛГБТ-фильм",Эстибалис Урресола,Испания,2023,7
21 грамм,драма,Алехандро Гонсалес,США,2003,7.6
21 и больше,комедия,Джон Лукас,США,2013,5.8
21 мост,"драма, триллер, детектив",Брайан Кирк,США,2019,6.7
21 ночь с Патти,комедия,Арно Ларье,Франция,2015,6.2
"22 июня, ровно в 4 часа…",драма,Борис Галкин,Россия,1992,6
22 июля,Драма,Пол Гринграсс,США,2018,6.8
24 кадра,драма,Аббас Киаростами,"Иран, Франция",2017,6.8
22 минуты,боевик,Василий Сериков,Россия,2014,5.3
23,"триллер, /, драма",Ганс-Христиан Шмидт,Германия,1998,7.2
22 мили,"боевик, триллер",Питер Берг,США,2018,6.1
24 часа,"боевик, драма",Александр Атанесян,Россия,2000,6
24 недели,драма,Анна Зора,Германия,2016,7.1
24 часа,триллер,Луис Мандоки,"США, Германия",2002,6.1
24 часа из жизни женщины,экранизация литературного произведения,Виктор Сэвилл,Великобритания,1952,5.1
24 часа откровенного секса,"порнофильм, и, сексплуатационный фильм",Жозе Можика,Бразилия,1985,6.5
24-25 не возвращается,"детективный фильм, драма",Алоиз Бренч,СССР,1968,6
24 часа из жизни женщины,комедия,Нэнси Савока,США,1999,5.3
27 секунд памяти,документальный,Иван Качалин,"Россия, Чехия, Нидерланды",2019,6.8
25-й час,"криминальный фильм, драма",Спайк Ли,США,2002,7.6
25 ватт,Комедийная драма,Хуан Пабло,Уругвай,2001,7.1
27 свадеб,романтическая комедия,Энн Флетчер,США,2008,6.1
27 украденных поцелуев,"комедия, драма, мелодрама",Нана Джорджадзе,"Грузия, Франция, Германия, Россия",2000,6.6
27-й день,научная фантастика,Уильям Эшер,США,1957,6.1
28 дней,"драма, комедия",Бетти Томас,США,2000,6.1
28 дней спустя,"постапокалиптический, фильм ужасов, Музыка к фильму",Дэнни Бойл,Великобритания,2002,7.5
28 лет спустя,"постапокалиптический, фильм ужасов",Дэнни Бойл,"Великобритания, США",2025,6.6
28 недель спустя,"постапокалиптический, фильм ужасов",Хуан Карлос,"Великобритания, США, Испания",2007,6.8
29 километр,"драма, музыкальный фильм",Леонид Андронов,Россия,2012,8.7
29 пальм,"драма, роуд-муви",Брюно Дюмон,"Франция, Германия, США",2003,5.1
30 безумных желаний,независимый кинематограф,Питер Хатчингс,США,2018,6.9
29-я улица,"комедия, драма",Джордж Галло,США,1991,7.2
30 дней до рассвета,"фильм ужасов, комедия",Андерс Банке,Швеция,2006,5.5
30 дней ночи,фильм о вампирах,Дэвид Слейд,США,2007,6.6
30 ночей паранормального явления с одержимой девушкой с татуировкой дракона,"комедийный, фильм ужасов",Крэйг Мосс,США,2012,2.6
30 свиданий,"комедия, мелодрама",Таисия Игуменцева,Россия,2016,5
31,Фильм ужасов,Роб Зомби,США,2016,5.1
31 июня,"музыкальный фильм, (, мюзикл, ), фэнтези",Леонид Квинихидзе,СССР,1978,7.2
31-й километр,"ужасы, мистика",Ригоберто Кастаньеда,"Мексика, Испания",2006,5.3
32 декабря,"комедия, фантастика, мелодрама",Александр Муратов,Россия,2004,4.9
32-е августа на Земле,"драма, мелодрама",Дени Вильнёв,Канада,1998,6.4
34-й скорый,"Фильм-катастрофа, приключенческий фильм, драма",Андрей Малюков,СССР,1981,6.2
33,драма,Патрисия Ригген,"США, Чили, Колумбия",2015,6.9
36 безумных кулаков,"боевик, комедия",Чэнь Чжихуа,Гонконг,1977,5
39-я бригада,"исторический фильм, военный, экранизация",Карой Макк,Венгрия,1959,6.4
38-я параллель,"драма, боевик, военный",Кан Джегю,Республика Корея,2004,8
40,"детектив, /, триллер",Александр Галибин,Россия,2007,5.5
40 дней и 40 ночей,кинокомедия,Майкл Леманн,США,2002,5.6
40-я дверь,драма,Эльчин Мусаоглу,Азербайджан,2009,7.8
42,"драма, спортивный фильм",Брайан Хелгеленд,США,2013,7.5
42-я улица,"комедия, мюзикл, мелодрама",Ллойд Бэкон,США,1933,7.3
45 лет,драма,Эндрю Хэйг,Великобритания,2015,7.1
45-й калибр,драма,Гари Леннон,США,2006,5.5
55,"документальный фильм, пропаганда",Никита Михалков,Россия,2007,
47 ронинов,"фэнтези, боевик, драма",Карл Ринш,"США, Япония",2013,6.2
50 оттенков голубого,драма,Стюарт Мейн,Новая Зеландия,2005,5.8
49 дней,"драма, приключения",Генрих Габай,СССР,1962,6.9
50 первых поцелуев,романтическая комедия,Питер Сигал,США,2004,6.8
50 таблеток,Драма,Тео Эвгерино,США,2006,4.9
"50 ютуберов борются за $1,000,000 для своих подписчиков!",,,,2024,6.6
51,"фантастика, фильм ужасов",Джейсон Коннери,США,2011,3.5
55 дней в Пекине,"драма, исторический, военный",Николас Рэй,США,1963,6.7
55-й элемент,"драма, фильм-катастрофа",Энтони Пхунь,Гонконг,2024,6.3
57 секунд,,Расти Кандифф,США,2023,5.4
65,научная фантастика,Скотт Бек,США,2023,5.4
69,"комедия, криминальный фильм",Пен-Ек Ратанаруанг,Таиланд,1999,7.2
71 фрагмент хронологии случайностей,драма,Михаэль Ханеке,"Австрия, Германия",1994,7.1
72 часа,"военный, драма",Кира Ангелина,Россия,2015,5.9
72 метра,"фильм-катастрофа, драма, трагикомедия",Владимир Хотиненко,Россия,2004,6.5
71,"историческая, драма",Ян Деманж,Великобритания,2014,7.2
76 дней,документальный фильм,Ли Ву,"Китай, США",2020,7.1
80 миллионов,"драма, боевик, исторический фильм",Вальдемар Кшистек,Польша,2011,6.6
88 минут,триллер,Джон Эвнет,"США, Канада, Германия",2007,5.9
92 ядерных взрыва на планете Земля,документальный фильм,Питер Гринуэй,,2010,7.2
90 минут на небесах,драма,Майкл Полиш,США,2015,4.9
99,криминальный фильм,Майкл Кёртис,Венгрия,1918,4.3
99 домов,драма,Рамин Бахрани,США,2014,7.1
100 вещей и ничего лишнего,комедия,Флориан Давид,Германия,2018,6.3
99 франков,"комедия, драма",Ян Кунен,Франция,2007,7.1
99 женщин,"драма, триллер, фильм ужасов",Хесус Франко,"Великобритания, Италия, Испания, ФРГ, Лихтенштейн",1969,4.6
100 девчонок и одна в лифте,комедия,Майкл Дэвис,США,2000,5.8
100 всадников,"исторический фильм, приключенческий фильм",Витторио Коттафави,"Италия, Испания, ФРГ",1964,6.3
100 лет,Научная фантастика,Роберт Родригес,Франция,2015,
100 дней с Мистером Высокомерие,"романтическая кинокомедия, мелодрама",Шин Джэ-хо,Республика Корея,2004,6
100 метров,"драма, комедия",Марсель Баррена,"Испания, Португалия",2016,7.5
100 проблем и девушка,Комедия,Мэтью Хаффман,США,2000,5.8
100 миллионов евро,комедия,Оливье Барру,Франция,2011,5.5
100 слёз,фильм ужасов,Маркус Кох,США,2007,4.2
100 футов,триллер,Эрик Ред,США,2008,5.4
101 далматинец,"семейный фильм, комедия, приключенческий фильм",Стивен Херек,США,1996,5.8
101 Рейкьявик,романтическая комедия,Балтазар Кормакур,"Исландия, Дания, Норвегия, Франция",2000,6.7
101 Рейс,биография,Акром Шахназаров,Узбекистан,2022,7.6
101-й километр,драма,Леонид Марягин,Россия,2001,6.7
102 далматинца,комедия,Кевин Лима,США,2000,4.9
109-й идёт без остановок,фильм-катастрофа,Дзюнъя Сато,Япония,1975,6.8
120 ударов в минуту,"драма, и, ЛГБТ-фильм",Робен Кампийо,Франция,2017,7.4
127 часов,"драма, триллер",Дэнни Бойл,"США, Великобритания",2010,7.5
130 детей,документальный фильм,Ainara Aparici,,2022,7.9
128 ударов сердца в минуту,музыкальная драма,Макс Джозеф,"США, Франция, Великобритания",2015,6.4
180,документальный фильм,Рэй Комфорт,США,2011,4.9
187,"драма, триллер",Кевин Рейнольдс,США,1997,6.6
200 сигарет,"комедия, драма, мелодрама",Риза Брэмон,США,1999,6
247 градусов по Фаренгейту,фильм ужасов,Леван Бакха,"США, Грузия",2011,4.8
300 спартанцев,"эпический, исторический, боевик",Зак Снайдер,США,2006,7.6
"301, 302","триллер, фильм ужасов, детектив",Пак Чхоль,Республика Корея,1995,6.4
317-й взвод,"военный фильм, и, драма",Пьер Шёндёрффер,"Франция, Испания",1964,7.3
365 дней,эротическая комедия,Барбара Бяловонс,Польша,2020,3.3
451 градус по Фаренгейту,антиутопия,Франсуа Трюффо,"Франция, Великобритания",1966,7.2
451 градус по Фаренгейту,"драма, антиутопическое произведение, научно-фантастический фильм, и, экранизация романа",Рамин Бахрани,США,2018,5
475,документальный фильм,Nadir Bouhmouch,Марокко,2013,7.1
500 дней лета,"романтическая, комедийная драма",Марк Уэбб,США,2009,7.6
600 миль,драма,Габриэль Рипштейн,Мексика,2015,5.5
713-й просит посадку,"драма, триллер, приключение, фильм-катастрофа",Григорий Никулин,СССР,1962,5.7
711 Оушен Драйв,Фильм нуар,Джозеф М.,США,1950,6.8
1002-ая ночь,музыкальный фильм,Мукадас Махмудов,СССР,1964,
800 льё вниз по Амазонке,приключения,Луис Льоса,"Перу, США",1993,4.5
900 дней. Миф и реальность ленинградской блокады,документальный,Джессика Гортер,Нидерланды,2011,7.3
800 пуль,драма,Алекс Де,Испания,2002,6.3
900 незабываемых дней,"документальный, пропагандистский",Валерий Соловцов,СССР,1964,
977,"фантастика, драма",Николай Хомерики,Россия,2006,5.5
1040,документальный,Эван Джексон,США,2010,8
1210,драма,Арсений Гончуков,Россия,2012,6
1408,"психологические ужасы, триллер, мистика, психоделика, драма",Микаэль Хофстрём,США,2007,6.8
1500 шагов,драма,Джош Рейд,Австралия,2014,5.5
1612,Приключенческий фильм,Владимир Хотиненко,Россия,2007,5.6
1812,"документальный, драма",Павел Тупик,Россия,2012,7.3
1812 год,"драма, исторический",Василий Гончаров,Российская империя,1912,5.7
1860,Драма,Алессандро Блазетти,Италия,1934,6.6
1917,военный фильм,Сэм Мендес,"Великобритания, США",2019,8.2
1939,драма,Йоран Кармбак,Швеция,1989,6.1
1939,драма,Стивен Поляков,Великобритания,2009,6.4
1922,"криминальная драма, триллер",Зак Хилдитч,США,2017,6.2
1941,"военная, комедия",Стивен Спилберг,США,1979,5.8
1941. Крылья над Берлином,"биография, мелодрама",Константин Буслов,Россия,2022,5.7
1944,"военный фильм, драма",Эльмо Нюганен,"Эстония, Финляндия",2015,7
1984,Реклама,Ридли Скотт,США,1983,7.9
1984,"антиутопия, драма, фантастика",Майкл Андерсон,Великобритания,1956,6.9
1971,документалистика,Джоанна Гамильтон,США,2014,7.3
1984,антиутопия,Майкл Рэдфорд,Великобритания,1984,7
1984,антиутопия,Диана Ринго,"Финляндия, Россия",2023,4.1
1993,драма,Александр Велединский,Россия,2023,6.3
2000 метров до Андреевки,документальный фильм,Мстислав Чернов,Украина,2025,8.4
2001 маньяк,комедия ужасов,Тим Салливан,США,2005,5.3
2012,"научно-фантастический, фильм-катастрофа",Роланд Эммерих,США,2009,5.9
2030 — Восстание молодых немцев,"фантастика, драма",Йорг Людорф,Германия,2011,5.4
2046,"драма, мелодрама, фантастика",Вонг Карвай,"Китай, Гонконг",2004,7.4
2081,"Фантастика, Антиутопия",Чендлер Таттл,США,2009,6.9
3000 миль до Грейсленда,"драма, комедия, криминал, триллер",Дэмиен Лихтенштайн,США,2001,6
3096 дней,драма,Шерри Хорман,Германия,2013,6.5
7500,"Триллер, боевик",Патрик Воллрат,"США, Австрия, Германия",2019,6.3
А был ли Каротин?,"детективный фильм, комедия",Геннадий Полока,СССР,1989,6.1
А вот и гости!,"комедия, драма, семейный фильм, фэнтези",Дэвид Йейтс,Великобритания,2003,6.8
А в душе я танцую,драма,Дэмиен О'Доннелл,"Великобритания, Ирландия, Франция",2004,7.7
7500,"ужасы, триллер",Такаси Симидзу,"США, Япония",2014,4.8
А вот и Лола,Романтическая комедия,Эллен Сидлер,США,2009,3.9
А вот и Полли,комедия,Джон Гамбург,США,2004,6
А защищал её Плевако,драма,Николай Козловский,Российская империя,1916,
А вот и Хаггетты,"комедия, драма",Кен Эннакин,Великобритания,1948,6.2
А вы любили когда-нибудь?,музыкальная комедия,Игорь Усов,СССР,1973,4.6
А завтра весь мир,драма,Юлия фон,,2020,6
А если это любовь?,драма,Юлий Райзман,СССР,1962,7.3
А зори здесь тихие,"драма, военный, экранизация",Станислав Ростоцкий,СССР,1972,8
А кто я на этот раз?,драма,Джонатан Демми,США,1983,7.6
А зори здесь тихие...,"драма, военный",Ренат Давлетьяров,Россия,2015,6.8
"А ну-ка, дедушки!",комедия,Нинель Ненова-Цулая,"СССР, Болгария",1981,5.1
А пароходы гудят и уходят…,,Рубен Мурадян,СССР,1972,6.2
А как же Боб?,комедия,Фрэнк Оз,США,1991,7
А поутру они проснулись,"комедия, драма",Сергей Никоненко,Россия,2003,6
А потом мы танцевали,драма,Леван Акин,"Грузия, Франция, Швеция",2019,7.6
А счастье рядом,мелодрама,Маргарита Касымова,"СССР, Таджикская ССР",1978,4.5
А теперь нечто совсем другое,комедия,Иан Макнафтон,Великобритания,1971,7.5
А теперь суди…,драма,Владимир Довгань,СССР,1966,6.1
"А теперь, дамы и господа","криминальный фильм, драма, мелодрама, триллер",Клод Лелуш,"Франция, Великобритания",2002,6.1
А у нас была тишина…,военная драма,Владимир Шамшурин,СССР,1977,6.2
А чой-то ты во фраке?,"комедия, /, мюзикл",Иосиф Райхельгауз,Россия,1993,6.7
А у вас который час?,драма,Цай Минлян,Китайская Республика,2001,7.3
Аафат,криминальный триллер,Атма Рам,Индия,1977,5.4
А теперь не смотри,мистический триллер,Николас Роуг,"Великобритания, Италия",1973,7.1
Аанг,,,,,7.4
Абдулла Арипов,"история, биография",Музаффархон Эркинов,Узбекистан,2023,
Аббат Шаолиня,"боевик, приключенческий фильм",Хэ Мэнхуа,Гонконг,1979,6.4
Абатуар. Лабиринт страха,фильм ужасов,Даррен Линн,США,2016,4.5
Аббатство Даунтон,драма,Майкл Энглер,Великобритания,2019,7.4
Аббатство Даунтон 3,,Саймон Кёртис,"Великобритания, США",2025,7.3
"Абдулладжан, или Посвящается Стивену Спилбергу","фантастический фильм, комедия",Зульфикар Мусаков,СССР,1991,7.1
Абесалом и Этери,"опера, драма, романтика",Леонард Эсакия,Грузия,1966,7.1
Абель,комедия,Алекс ван,Нидерланды,1986,7.4
Абитуриентка,Драма,Алексей Мишурин,СССР,1973,5.8
Абориген,Драма,Елена Николаева,СССР,1988,7
Аборт,,Ариндам Сил,Индия,2013,6.1
"Абраксас, хранитель Вселенной",боевик,Дэмьен Ли,США,1991,2.9
Абрикосовые рощи,"драма, мелодрама",Пуриа Хейдари,Армения,2016,7.6
Абсолон,фантастический боевик,Дэвид Барто,"Великобритания, Канада",2003,4.2
Абсолютная власть,"драма, триллер",Джон Ирвин,"Франция, Израиль, Канада, Великобритания",1990,5.9
Абсолютная власть,"драма, триллер",Клинт Иствуд,США,1997,6.7
Абсолютная сотня,"криминал, драма, боевик, триллер",Срджан Голубович,СР Югославия,2001,7.5
Абсолютная власть,"драма, триллер, детектив",Даниэль Рагуссис,США,2016,6.5
Абсолютные новички,"драма, фэнтези, мелодрама, мюзикл",Джулиен Темпл,"Великобритания, Австралия",1986,5.6
Абсурдистан,Комедия,Файт Хельмер,"Германия, Азербайджан",2008,6.7
Ава,драма,Леа Мисиус,Франция,2017,6.6
Авалон,драма,Барри Левинсон,США,1990,7.2
Абу Райхан Беруни,драма,Шухрат Аббасов,СССР,1974,6.7
Авалон,"фантастика, триллер, драма, киберпанк",Мамору Осии,"Япония, Польша",2001,6.4
Аванпост,"фильм-триллер, научно-фантастический фильм, боевик, и, антиутопический фильм","Баранов, Егор",Россия,2019,6
Авансцена,"драма, биография",Стэнли Кван,Гонконг,1991,7.4
Аванти пополо,военная драма,Рафи Букай,Израиль,1986,7.4
Авантюра,"комедия, шпионский фильм",Виталий Макаров,"Россия, Украина",1995,4.2
Авантюрист,"военная, драма, приключенческий фильм",Чжан Пэйчэн,Китайская Республика,1976,6.8
Аванти!,комедия,Билли Уайлдер,"США, Италия",1972,7.2
Авантюра леди Хелен,короткометражный фильм,Дэвид Уорк,США,1909,5.2
Авантюристы,приключенческий фильм,Дэвид Макдональд,Великобритания,1951,5.5
Авантюристы,приключения,Константин Буслов,Россия,2014,4.2
Аварийный выход,комедия,Роман Залуски,Польша,1982,6.7
Авария,Детектив,Александр Абрамов,СССР,1965,6.8
Авантюристы,"драма, комедия, боевик, военный, приключения",Анри Вернёй,Франция,1984,6.1
Авария — дочь мента,драма,Михаил Туманишвили,СССР,1989,6.7
Авария,"детектив, драма",Витаутас Жалакявичюс,СССР,1974,6.7
Авария,боевик,Серджиу Николаеску,Румыния,1976,6.6
Авария,детектив,Джеймс Аллен,"ЮАР, США, Заир",1990,3.6
Авария,триллер,Джонатан Мостоу,США,1997,7
Аватар,"мистическая, драма",Кармине Галлоне,Италия,1916,7
Аватар,"эпический фильм, научная фантастика, приключенческий боевик, драма",Джеймс Кэмерон,"США, Великобритания",2009,7.9
Аватар 4,"эпический фильм, научная фантастика, боевик, приключения, фэнтези",Джеймс Кэмерон,США,2029,
"Аватар, или Замена душ","фантастика, драма",Януш Маевский,Польша,1964,6.7
Август,"комедия, драма",Энтони Хопкинс,Великобритания,1996,5.8
Август,"военный, триллер, боевик, детектив, драма",Никита Высоцкий,Россия,2025,6.3
Август без императора,"драма, триллер",Сацуо Ямамото,Япония,1978,6.6
Август Раш,"драма, мелодрама",Кирстен Шеридан,США,2007,7.4
Август. Восьмого,"военный, боевик, драма",Джаник Файзиев,Россия,2012,5.6
Августовская рапсодия,драма,Акира Куросава,Япония,1991,7.2
Августовские киты,драма,Линдсей Андерсон,США,1987,7.1
Авдотья Павловна,"киноповесть, драма, социальная драма",Александр Муратов,СССР,1966,6.6
Аве Мария,"драма, мелодрама",Людмила Ефименко,Украина,1999,7.4
Авиапочта,"мелодрама, приключения",Ирвин Виллат,США,1925,6.2
"Авель, твой брат","психологическая, драма",Януш Насфетер,Польша,1970,7.1
Аве Цезарь,комедия,Энтони Майкл,США,1994,3.2
Авиатор,"научно-фантастическая, драма",Егор Кончаловский,Россия,2025,4.9
Авиатор,"фильм-биография, драма",Мартин Скорсезе,"США, Германия, Япония",2004,7.5
"Авива, любовь моя",драма,Шеми Зархин,Израиль,2006,7.2
Авиценна,"Биографический фильм, исторический фильм",Камиль Ярматов,СССР,1956,6.2
Австрийка,"драма, исторический фильм",Пьер Гранье-Дефер,Франция,1989,6.1
Австрийское поле,драма,Андрей Черных,СССР,1991,6.6
Австралия,"эпическая, драма",Баз Лурман,"Австралия, США, Великобритания",2008,6.6
Автобус отходит в 6.20,"драма, соцреализм",Ян Рыбковский,Польша,1954,5.4
Автобус,комедия,Арне Скуэн,Норвегия,1961,7
Автобан,боевик,Эрен Криви,"Германия, США, Великобритания",2016,5.7
Автобусная остановка,"комедийная, драма",Джошуа Логан,США,1956,6.3
Аврора,"драма, мелодрама",Оксана Байрак,Украина,2006,6
"Автомобили, которые съели Париж","фильм ужасов, /, комедия",Питер Уир,Австралия,1974,5.6
Автомобиль на крыше,"исторический, комедия, драма, экранизация",Дмитрий Кесаянц,СССР,1980,3.8
Автокатастрофа,"драма, триллер",Дэвид Кроненберг,"Канада, Великобритания",1996,6.4
Автомобиль,"фильм ужасов, фильм-тайна, и, фильм-триллер",Эллиот Силверштейн,США,1977,6.2
Автомат,документальный фильм,Лиза Гурвиц,США,2021,7.8
"Автомобиль, скрипка и собака Клякса","комедия, музыкальный фильм, сказка",Ролан Быков,СССР,1974,6.7
Автомобильные воры,драма,Дж. Стюарт,США,1906,6.6
Автопробег «Париж — Нью-Йорк»,фантастика,Жорж Мельес,"Франция, Нью-Йорк, (съёмки), Германия, Сибирь",1908,5
Автопортрет неизвестного,драма,Вячеслав Криштофович,СССР,1988,6.2
Автор,"драма, комедия",Мануэль Мартин,"Испания, Мексика",2017,6.5
Автора! Автора!,мелодрама,Артур Хиллер,США,1982,6.2
Авторитет,"боевик, триллер",Райан Комбс,США,2008,5
Авторитет,"blaxploitation, драма, боевик",Эрнест Дикерсон,США,1992,7
Автостоп,"мелодрама, комедийная драма",Никита Михалков,"Италия, СССР, Швейцария",1990,6
Авторитеты,супергеройский фильм,,США,,
Автостопом по галактике,"приключенческий фильм, комедия, фантастика",Гарт Дженнингс,"Великобритания, США",2005,6.7
Автострада,"фильм ужасов, триллер, мистика",Мик Гаррис,США,1997,4.9
Агент,боевик,Аарон Норрис,США,1991,5.3
Агата,"драма, /, триллер",Майкл Эптед,Великобритания,1979,6.2
Агент Джонни Инглиш,"комедия, боевик",Питер Хауитт,"Великобритания, Франция, США",2003,6.3
Агент Джонни Инглиш 3.0,"комедия, пародия, боевик",Дэвид Керр,"Великобритания, Франция",2018,6.2
Агент Ева,"боевик, триллер, драма, криминал, детектив",Тейт Тейлор,США,2020,5.5
Агент Картер,"короткометражка, боевик, приключения, научная фантастика",Луис Д'Эспозито,США,2013,7.4
Агент Коди Бэнкс,"комедия, пародия, боевик",Харальд Цварт,США,2003,5.2
Агент особого назначения,Детектив,Константин Статский,Россия,2010,7.4
Агент по имени Далила,триллер,Ричард Франклин,США,1992,4.8
Агент по кличке Спот,"боевик, /, комедия",Джон Уайтселл,США,2001,5.4
Агент секретной службы,"детектив, шпионский, драма",Ион Скутельник,СССР,1978,6.6
Агент под прикрытием,"криминальный, комедийный боевик",Том Воган,США,2013,5
Агенты А.Н.К.Л.,Комедийный боевик,Гай Ричи,США,2015,7.2
Агент-невидимка,"фильм ужасов, фантастический фильм",Эдвин Л.,США,1942,5.9
Агенты КГБ тоже влюбляются,комедия положений,Себастьян Аларкон,СССР,1991,5.4
Агенты казначейства,нуар,Энтони Манн,США,1947,6.9
Агенты Сокол и Снеговик,"драма, /, триллер",Джон Шлезингер,"Великобритания, США",1985,6.8
"Агирре, гнев божий","драма, приключения",Вернер Херцог,ФРГ,1972,7.8
Агитбригада «Бей врага!»,"комедия, драма",Виталий Мельников,Россия,2007,6.8
Агнесса Божья,"драма, триллер",Норман Джуисон,США,1985,6.6
Агнец,фолк-хоррор,Вальдимар Йоханнссон,"Исландия, Швеция, Польша",2021,6.3
Агония,"исторический фильм, драма",Элем Климов,СССР,1981,7
Агрессивные дамочки,"комедия, пародия",Джули Браун,США,1994,4.4
Агора,"биография, драма, приключения, история, пеплум",Алехандро Аменабар,"Испания, Мальта, Португалия, Франция, США",2009,7.1
Агро Дрифт,"боевик, и, экспериментальный кинематограф",Хармони Корин,США,2023,5.6
Ад — это город,криминальный фильм,Вэл Гест,Великобритания,1960,7
Ад,"немое кино, драма, фильм ужасов, и, фэнтези",Джузеппе де,Италия,1911,7.1
Ад,драма,Клод Шаброль,Франция,1994,7
Ад,"криминальная, драма, чёрный юмор",Луис Эстрада,Мексика,2010,7.7
Ад в заливе Фриско,Фильм нуар,Фрэнк Таттл,США,1956,6.4
Ад в поднебесье,фильм-катастрофа,Джон Гиллермин,США,1974,7
Ад в Тихом океане,"приключенческий фильм, боевик",Джон Бурмен,США,1968,7.2
Ад живых мертвецов,фильм ужасов,Бруно Маттеи,"Италия, Испания",1980,4.8
Ад и небо,"Фантастическая, комедия",Станислав Ружевич,Польша,1966,6.8
Ад каннибалов,фильм о каннибалах,Руджеро Деодато,Италия,1980,5.8
Ад каннибалов 3,"Ужасы, Приключения",Руджеро Деодато,Италия,1977,5.9
Ад по соседству,"драма, фильм ужасов, и, фильм-триллер",Дэвид Мармор,США,2019,5.8
"Ад, или Досье на самого себя",драма,Геннадий Беглов,СССР,1989,6.4
Ад Танжера,драма,Франк Ван,Бельгия,2006,7.1
Адажио,"polar, криминальный фильм, и, фильм-триллер",Стефано Соллима,Италия,2023,6.6
Ада! Это же неудобно!,комедия,Конрад Том,Польша,1936,6.6
Адам женится на Еве,"драма, и, комедия",Виктор Абросимович,СССР,1980,6.3
Адам,"драма, мелодрама",Макс Майер,США,2009,7.1
Адам и Стив,комедия,Крэйг Честер,США,2005,5.8
Адам и Хева,комедия,Алексей Коренев,СССР,1969,7.3
Адам хочет быть человеком,драма,Витаутас Жалакявичюс,СССР,1959,7.1
Адамовы яблоки,"комедия, драма, криминальный фильм",Андерс Томас,"Дания, Германия",2005,7.7
Адаптация,"трагикомедия, Музыка к фильму",Спайк Джонз,США,2002,7.7
Адвокат,драма,Уильям Уайлер,США,1933,7.5
Адвокат,"драма, детектив",Искандер Хамраев,СССР,1990,7.7
Адвокат дьявола,"ужасы, триллер, драма",Тейлор Хэкфорд,США,1997,7.5
Адвокат,драма,Ян Усок,Республика Корея,2013,7.7
Адела ещё не ужинала,"Кинокомедия, детектив",Олдржих Липский,Чехословакия,1977,7.4
Адемай на пограничном посту,комедия,Поль Коллин,Франция,1950,6
Аджами,драма,Скандар Копти,"Израиль, Германия",2009,7.2
Административная власть,"романтический фильм, и, драма",Роберт Уайз,США,1954,7.4
Адмирал,"байопик, военный фильм, исторический фильм, драма",Роэль Рейн,Нидерланды,2015,7
Адмирал Нахимов,историко-биографический,Всеволод Пудовкин,СССР,1946,6.5
Адмиралъ,"исторический, военный, приключенческий, мелодрама, драма",Андрей Кравчук,Россия,2008,6.6
Адмирал Ушаков,историко-биографический,Михаил Ромм,СССР,1953,7.2
Адрес вашего дома,"военная, драма, приключения",Евгений Хринюк,СССР,1972,6.3
Адреналин,"боевик, триллер, криминал, чёрная комедия",Марк Невелдайн,США,2006,6.9
Адрес Ленина,,Владимир Петров,СССР,1929,
Адреналин,фильм ужасов,Анита Ассаль,Франция,1990,6.3
Адрес неизвестен,комедийная драма,Жан-Поль ле,Франция,1950,6.6
Адская жёнушка,комедия,Джеймс Лейн,США,1993,2.7
Адская кухня,драма,Сильвестр Сталлоне,США,1978,5.7
Адская кухня,"криминал, драма",Тони Чинчирипини,США,1998,4.6
Адская месть-2. Кровавые крылья,фильм ужасов,Джефф Барр,США,1994,4.7
Адская ночь,"ужасы, триллер",Том Де,США,1981,5.6
Адская кухня,"криминальная, драма, боевик",Андреа Берлофф,США,2019,5.6
Адская поездка,"боевик, триллер, приключения",Ларри Бишоп,США,2008,5
Адский бункер,"боевик, фильм ужасов",Стив Баркер,Великобритания,2008,5.8
Азамат,драма,,СССР,1939,
Адский ветряк,боевик,Лу Цзюньгу,Гонконг,1979,6.6
Адский котёл,фильм ужасов,Жорж Мельес,Франция,1903,6.6
Адский остров,Фильм нуар,Фил Карлсон,США,1955,5.9
Адский небоскрёб,"комедия, и, кинопародия",Шарль Немес,Франция,2001,5.8
Адский переплёт,"Фильм нуар, Триллер",Уильям Дж.,США,1957,6.3
Азарт любви,"музыкальный фильм, драма, и, боевик",Мансур Хан,Индия,2000,6.1
Азарт удачи,комедия,Билли Уайлдер,США,1966,7.2
Азартная игра,драма,Уильям Фридкин,США,1994,6.3
Азбука любви,мелодрама,Леонс Перре,США,1919,6.4
Азартные игры,"триллер, драма",Джон Франкенхаймер,США,2000,5.8
Азор,драма,Бакич Видяй,Россия,2018,
Азбука смерти,"ужасы, комедия, мистика, боевик, драма",см. ниже,США,2012,4.7
Азбука футбола,комедия,Холли Голдберг,США,1995,5.6
Азиатский связной,боевик,Дэниэл Дзирилли,"Таиланд, США",2016,3.2
Аист,"драма, притча",Валерий Жереги,СССР,1978,
Азирис Нуна,фантастика,Олег Компасов,Россия,2006,3.6
Аида,"фильм, -, опера, музыкальный фильм, драма, мелодрама",Клементе Фракасси,Италия,1953,5.3
Аида,драма,,Италия,1911,
Аин,драма,Аллен Фон,Гонконг,1983,7
Аир,"драма, и, экранизация литературного произведения",Анджей Вайда,Польша,2009,6.3
Айболит-66,"музыкальный фильм, комедия, приключения, артхаус, и, семейный фильм",Ролан Быков,СССР,1967,6.8
Айвенго,"исторический фильм, приключение",Ричард Торп,США,1952,6.8
Айна,"драма, исторический",Алты Карлиев,СССР,1959,
Айвенго,приключенческий фильм,Дуглас Кэмфилд,"США, Великобритания",1982,6.7
Айгюн,мелодрама,Кямиль Рустамбеков,"СССР, /, Азербайджанская ССР",1960,6.8
Айви,"Фильм нуар, Мелодрама",Сэм Вуд,США,1947,7
Айка,драма,Сергей Дворцевой,"Казахстан, Россия, Германия, Китай, Польша",2018,7.1
Айла,драма,Джан Улкай,"Турция, Республика Корея",2017,8.2
Айрик,мелодрама,Генрих Малян,СССР,1972,7.5
Айлин,"психологический фильм-триллер, и, экранизация романа",Уильям Олдройд,"США, Великобритания",2023,5.9
Айрис,документальный,Альберт Мэйслес,США,2014,7.1
Айрис,драма,Ричард Айр,"Великобритания, США",2001,7
Айсберг,"фильм-катастрофа, боевик, приключенческий фильм",Шейн Ван,США,2010,1.7
Айседора,драма,Карел Рейш,Великобритания,1968,6.8
Айя,"мелодрама, экранизация",Варис Брасла,СССР,1987,6.9
Айша,романтическая комедия,Раджшри Оджха,Индия,2010,5.1
Академик из Аскании,биографический фильм,Владимир Герасимов,СССР,1961,5.8
Академик Иван Павлов,"биографическая, драма",Григорий Рошаль,СССР,1949,6
Айта,"драма, триллер",Степан Бурнашёв,Россия,2022,6.7
Академия вампиров,"фэнтезийный, комедийный фильм ужасов, фэнтези, подростковый фильм, фильм о вампирах, экранизация романа, боевик, фильм-тайна, и, мелодрама",Марк Уотерс,"США, Великобритания",2014,5.4
Академия пана Кляксы,киносказка,Кшиштоф Градовский,"СССР, Польша",1983,6.8
Академия Рашмор,"комедия, драма",Уэс Андерсон,США,1998,7.6
Академия смерти,"драма, /, военный фильм",Деннис Ганзель,Германия,2004,7.4
Акваланги на дне,"детский, детектив, приключенческий фильм",Евгений Шерстобитов,СССР,1965,6.6
Акации,драма,Пабло Джорджелли,"Аргентина, Испания",2011,6.9
Аквамарин,"фэнтези, комедия, семейный фильм",Элизабет Аллен,"Австралия, США",2006,5.5
Аквамен,"супергероика, боевик, приключения, фантастика",Джеймс Ван,США,2018,6.8
Аквамен и потерянное царство,"супергероика, боевик, фантастика, приключения",Джеймс Ван,США,2023,5.6
Акванавты,Фантастика,Игорь Вознесенский,СССР,1979,5.5
Акварели,мелодрама,Дэвид Оливерас,США,2008,6.4
Акварель,драма,Отар Иоселиани,СССР,1958,6.8
"Аквариум, или Одиночество шпиона","драма, боевик",Энтони Краузе,"Германия, Польша, Украина",1996,6.6
Аквариум,драма,Андреа Арнольд,Великобритания,2009,7.3
Аккордеонист,Документальное кино,Луи Лепренс,Великобритания,1888,5.5
Аккомпаниаторша,"драма, военный фильм",Клод Миллер,Франция,1992,6.9
Аккорды долгой жизни,"биографический фильм, драма, комедия, мюзикл",Анар Рзаев,СССР,1981,8
Аккатоне,драма,Пьер Паоло,Италия,1961,7.6
"Акмаль, дракон и принцесса",сказка,Юрий Степчук,СССР,1981,5.7
Аккумулятор 1,"фантастика, комедия",Ян Сверак,Чехия,1994,7
Акробатическая смесь,"хроника, короткометражка",Макс Складановский,Германская империя,1895,5.2
Акселератка,эксцентрическая комедия,Алексей Коренев,СССР,1987,5.6
Аксели и Элина,"драма, исторический",Эдвин Лайне,Финляндия,1970,6.9
Акт,"мелодрама, и, детективный фильм",Александр Рогожкин,Россия,1993,5.3
Акт агрессии,"криминальный фильм, драма",Жерар Пирес,"Франция, Италия",1975,5.3
Акт насилия,"Фильм нуар, Драма",Фред Циннеман,США,1948,7.5
Акт убийства,"документальный, исторический",Джошуа Оппенхаймер,"Великобритания, Дания, Норвегия",2012,8.2
Актёр Йоллер,драма,Вирве Аруоя,СССР,1960,6.2
Акт убийства,Фильм нуар,Майкл Гордон,США,1948,6.9
Актёры,"комедия, криминал",Конор МакФерсон,"Великобритания, Германия, Ирландия",2003,5.8
Активная зона,драма,Леонид Пчёлкин,СССР,1979,6.3
Актёры,комедия,Бертран Блие,Франция,2000,5.9
Актриса,"мелодрама, комедия, военный фильм",Леонид Трауберг,СССР,1942,7.1
Актрисы,драма,Ли Джэ,Республика Корея,2009,7
Актриса и трансильванцы,вестерн,Мирча Верою,СР Румыния,1979,7.3
Акты насилия,"боевик, приключенческий фильм",Бретт Доноху,"Канада, США",2018,5.3
Акула-монстр,"боевик, фильм ужасов, триллер",Ламберто Бава,"Италия, Франция",1984,2.8
Акула-робот,"Фантастика, комедия, Боевик, Триллер",Джеффри Скотт,,2015,3
Акулий торнадо 3,"комедийный, научно-фантастический, фильм ужасов, фильм-катастрофа",Энтони Ферранте,США,2015,4.1
Акулий торнадо,"фильм-катастрофа, ужасы, фантастика, комедия",Энтони Ферранте,США,2013,3.3
Акулы,"боевик, фильм ужасов, триллер",Боб Мисиоровски,"США, Израиль, ЮАР",1999,3.4
Акция,военный фильм,Владимир Шамшурин,СССР,1987,6
Акулосьминог,"ужасы, фантастика, боевик, комедия",Деклан О’Брайен,США,2010,3.3
Алавердоба,притча,Георгий Шенгелая,СССР,1962,8
Аладдин,"комедия, мюзикл, фэнтези, приключения, мелодрама",Гай Ричи,США,2019,6.9
Аладдин и его волшебная лампа,"приключенческий фильм, комедия, семейный фильм, фэнтези",Тим Бёртон,США,1986,6.5
Аламо,"Драма, исторический фильм, военный фильм, вестерн",Джон Ли,США,2004,6.1
Аланис,драма,Анаи Бернери,Аргентина,2017,6.2
Алая буква,драма,Виктор Шёстрём,США,1926,7.6
Алая буква,драматический фильм,Джозеф В.,США,1911,7.4
Алая буква,"драма, /, мелодрама",Ролан Жоффе,США,1995,5.4
Алая буква,Драма,Пён Хёк,Республика Корея,2004,6.3
Алая женщина,комедия,Жан Валер,"Франция, Италия",1969,5.9
Алая буква,мелодрама,Вим Вендерс,"ФРГ, Испания",1973,5.8
Алая камелия,криминальная драма,Ёситаро Номура,Япония,1964,6.5
Алая роза,комедия,Марчелло Пальеро,Франция,1951,4.9
Алая роза,"Криминальная, драма, нуар",Умэцугу Иноуэ,Япония,1963,
Алголь,"фантастика, драма",Ханс Веркмайст,Германия,1920,6.4
Албанец,"драма, и, романтический фильм",Иоганнес Набер,"Германия, Албания",2010,7.1
Алджи-золотоискатель,"комедия, мелодрама",Эдвард Уоррен,США,1912,5.7
Алеко,фильм-опера,Сергей Сиделёв,СССР,1953,6.1
Алекс и Эмма,"комедия, /, мелодрама",Роб Райнер,США,2003,5.5
Александр,"биографическая, драма, исторический фильм, пеплум",Оливер Стоун,"Франция, Германия, Великобритания, Италия, США, Нидерланды",2004,5.6
Александр Великий,"пеплум, байопик",Роберт Россен,"США, Испания",1956,5.8
"Александр и ужасный, кошмарный, нехороший, очень плохой день","комедия, детский фильм, и, экранизация",Мигель Артета,США,2014,6.2
Александр Маленький,"драма, военный",Владимир Фокин,"СССР, ГДР",1981,7
Александр Пархоменко,Киноповесть,Леонид Луков,СССР,1942,6.9
Александр Невский,"киноэпопея, драма, военный, исторический",Сергей Эйзенштейн,СССР,1938,7.5
Александр Попов,кинобиография,Герберт Раппапорт,СССР,1949,6.9
Александр. Невская битва,"исторический фильм, боевик",Игорь Калёнов,Россия,2008,4.7
Алексеич,"новелла, киноповесть, экранизация",Людмила Салдадзе,,1970,
Александра,драма,Александр Сокуров,Россия,2007,6.8
Алёнка,комедия,Борис Барнет,СССР,1962,7.3
Алёнка из Почитанки,"комедия, мелодрама",Сергей Русаков,Россия,2014,4.1
Алёша-доброволец,драма,Б.С.Глаголин,Российская империя,1914,
Аленький цветочек,"фильм-сказка, фэнтези, романтический фильм, и, детский фильм",Ирина Поволоцкая,СССР,1978,6.7
Алёша,"драма, мелодрама",Виктор Обухов,СССР,1980,6.5
Алёша Птицын вырабатывает характер,"комедия, детский",Анатолий Граник,СССР,1953,6.6
Алёшкина охота,Киноповесть,Яков Базелян,СССР,1965,5.9
Алёшкина любовь,Мелодрама,Семён Туманов,СССР,1960,7.5
Алжир,драма,Джон Кромвелл,США,1938,6.6
"Алжир, вид с неба",документальный фильм,Ян Артюс-Бертран,"Франция, Алжир",2015,8.4
Али,"драма, биография, спорт",Майкл Манн,США,2001,6.7
Али-Баба и сорок разбойников,"сказка, /, мюзикл, музыкальный фильм",Олег Рябоконь,СССР,1983,7.2
Али и Нино,драма,Асиф Кападиа,"Азербайджан, Великобритания",2016,6.8
Али-Баба и сорок разбойников,"приключенческий фильм, фильм-сказка",Сегундо де,Франция,1902,6.1
Али Джи в парламенте,"Фарсовая, комедия, сатира",Марк Майлод,"Великобритания, США, Франция",2002,6.2
Али-Баба против семи сарацинов,приключенческий фильм,Эмиммо Сальви,Италия,1964,4.2
Али-Баба и сорок разбойников,,Хоми Вадия,Индия,1966,6.5
"Али, рули!","боевик, комедия, бадди-муви",Майкл Даус,США,2019,6.2
Алим — крымский разбойник,драма,Вячеслав Висковский,Российская империя,1914,
Алиби,криминальный фильм,Роланд Уэст,США,1929,5.6
Алиби,детектив,Лесли Хискотт,Великобритания,1931,7.4
Алиби,"фильм-тайна, и, криминальный фильм",Пьер Шеналь,Франция,1937,6.7
Алиби,"комедия, драма, мелодрама",Мэтт Чековски,США,2006,6.3
Алим,"немое кино, и, драма",Георгий Тасин,СССР,1926,6.1
Алиса,драма,Sylvie Ballyot,"Франция, Великобритания",2002,5.3
Алиса,криминальный фильм,Дидье Гольдшмидт,Франция,1998,5.2
Алиби Сокола,"Детективный фильм, Комедия",Рэй Маккэйри,США,1946,6.4
Алиса в городах,драма,Вим Вендерс,ФРГ,1974,7.8
Алиса в Зазеркалье,"фэнтези, приключения, семейный",Джон Хендерсон,"Великобритания, Алиса, Белый Кролик, Болванщик, Герцогиня, Грифон, Гусеница, Додо, Мартовский Заяц, Мышь, Мэри-Энн, Пэт, Робин-Гусь, Соня, Червонная Королева, Червонный Король, Червонный Валет, Черепаха Квази, Чеширский Кот, Щенок, Ящерка Билль",1998,5.3
Алиса в Зазеркалье,"фэнтези, приключения, семейный фильм, оркестровая музыка, поп-рок",Джеймс Бобин,"США, Алиса, Белый Кролик, Болванщик, Герцогиня, Грифон, Гусеница, Додо, Мартовский Заяц, Мышь, Мэри-Энн, Пэт, Робин-Гусь, Соня, Червонная Королева, Червонный Король, Червонный Валет, Черепаха Квази, Чеширский Кот, Щенок, Ящерка Билль",2016,6.2
Алиса в Стране чудес,фэнтези,Сесиль Хепуорт,"Великобритания, Алиса, Белый Кролик, Болванщик, Герцогиня, Грифон, Гусеница, Додо, Мартовский Заяц, Мышь, Мэри-Энн, Пэт, Робин-Гусь, Соня, Червонная Королева, Червонный Король, Червонный Валет, Черепаха Квази, Чеширский Кот, Щенок, Ящерка Билль",1903,6.2
Алиса в Стране чудес,фэнтези,В.В. Янг,"Алиса, Белый Кролик, Болванщик, Герцогиня, Грифон, Гусеница, Додо, Мартовский Заяц, Мышь, Мэри-Энн, Пэт, Робин-Гусь, Соня, Червонная Королева, Червонный Король, Червонный Валет, Черепаха Квази, Чеширский Кот, Щенок, Ящерка Билль",1915,6.1
Алиса в Стране чудес,детский,Норман Маклеод,"США, Алиса, Белый Кролик, Болванщик, Герцогиня, Грифон, Гусеница, Додо, Мартовский Заяц, Мышь, Мэри-Энн, Пэт, Робин-Гусь, Соня, Червонная Королева, Червонный Король, Червонный Валет, Черепаха Квази, Чеширский Кот, Щенок, Ящерка Билль",1933,6.3
Алиса в Стране чудес,"порнографический, музыкальный",Бад Таунсенд,"США, Алиса, Белый Кролик, Болванщик, Герцогиня, Грифон, Гусеница, Додо, Мартовский Заяц, Мышь, Мэри-Энн, Пэт, Робин-Гусь, Соня, Червонная Королева, Червонный Король, Червонный Валет, Черепаха Квази, Чеширский Кот, Щенок, Ящерка Билль",1976,6.2
Алиса в Стране чудес,семейный фильм,Уильям Стерлинг,"Великобритания, Алиса, Белый Кролик, Болванщик, Герцогиня, Грифон, Гусеница, Додо, Мартовский Заяц, Мышь, Мэри-Энн, Пэт, Робин-Гусь, Соня, Червонная Королева, Червонный Король, Червонный Валет, Черепаха Квази, Чеширский Кот, Щенок, Ящерка Билль",1972,5.7
Алиса в Стране чудес,"приключенческий фильм, семейный фильм, фэнтези",Гарри Харрис,"США, Алиса, Белый Кролик, Болванщик, Герцогиня, Грифон, Гусеница, Додо, Мартовский Заяц, Мышь, Мэри-Энн, Пэт, Робин-Гусь, Соня, Червонная Королева, Червонный Король, Червонный Валет, Черепаха Квази, Чеширский Кот, Щенок, Ящерка Билль",1985,7.3
Алиса в Стране чудес,"фэнтези, семейный фильм, приключенческий фильм",Ник Уиллинг,"США, Германия, Великобритания, Алиса, Белый Кролик, Болванщик, Герцогиня, Грифон, Гусеница, Додо, Мартовский Заяц, Мышь, Мэри-Энн, Пэт, Робин-Гусь, Соня, Червонная Королева, Червонный Король, Червонный Валет, Черепаха Квази, Чеширский Кот, Щенок, Ящерка Билль",1999,6.3
Алиса в Стране чудес,"готика, тёмное фэнтези, приключения, Оркестр, классическая музыка, поп-музыка",Тим Бёртон,"США, Алиса, Белый Кролик, Болванщик, Герцогиня, Грифон, Гусеница, Додо, Мартовский Заяц, Мышь, Мэри-Энн, Пэт, Робин-Гусь, Соня, Червонная Королева, Червонный Король, Червонный Валет, Черепаха Квази, Чеширский Кот, Щенок, Ящерка Билль",2010,6.4
Алиса в Стране чудес,"фильм-сказка, мюзикл",Юрий Хмельницкий,"Россия, Алиса, Белый Кролик, Болванщик, Герцогиня, Грифон, Гусеница, Додо, Мартовский Заяц, Мышь, Мэри-Энн, Пэт, Робин-Гусь, Соня, Червонная Королева, Червонный Король, Червонный Валет, Черепаха Квази, Чеширский Кот, Щенок, Ящерка Билль",2025,3.9
Алиса здесь больше не живёт,"драма, романтика, трагикомедия",Мартин Скорсезе,США,1974,7.3
Алиса и Букинист,"мелодрама, приключения",Алексей Рудаков,Россия,1992,4
Алиса и укус пчелы,кинокомедия,Уолт Дисней,США,1925,4.9
